Partido,Fecha_Hora_COT,Score_Final,Diferencia_Cuota_Promedio,Mercado,Cuota,Casa_Apuestas,Margen_Casa_Pct,Margen_Mercado_Promedio_Pct,Ventaja_Margen_Pct,Cuota_Promedio_Mercado,Bwin_Cuota_1,Bwin_Cuota_X,Bwin_Cuota_2,Bwin_Margen_Pct,Local_Ultimo_1,Local_Ultimo_2,Local_Ultimo_3,Visitante_Ultimo_1,Visitante_Ultimo_2,Visitante_Ultimo_3
"FC Cincinnati vs Inter Miami CF","2025-11-23 17:00",1.5135,0.0872,"1X",1.69,"pinnacle",3.33,8.37,5.04,1.6028,2.85,3.75,2.2,7.21,"","","","","",""
"FC Cincinnati vs Inter Miami CF","2025-11-23 17:00",1.5135,0.0448,"X2",1.42,"pinnacle",3.33,8.37,5.04,1.3752,2.85,3.75,2.2,7.21,"","","","","",""
"Philadelphia Union vs New York City FC","2025-11-23 19:45",1.3754,0.0438,"1X",1.27,"pinnacle",3.49,8.29,4.8,1.2262,1.85,3.7,3.8,7.4,"","","","","",""
"Philadelphia Union vs New York City FC","2025-11-23 19:45",1.3754,0.1122,"X2",1.95,"pinnacle",3.49,8.29,4.8,1.8378,1.85,3.7,3.8,7.4,"","","","","",""
"SC Telstar vs FC Utrecht","2025-11-23 08:30",1.3482,0.085,"1X",1.78,"pinnacle",3.36,7.89,4.53,1.695,,,,,"","","","","",""
"SC Telstar vs FC Utrecht","2025-11-23 08:30",1.3482,0.0533,"X2",1.36,"pinnacle",3.36,7.89,4.53,1.3067,,,,,"","","","","",""
"Groningen vs FC Zwolle","2025-11-23 10:45",1.2158,0.1167,"X2",2.43,"pinnacle",3.66,8.11,4.45,2.3133,,,,,"","","","","",""
"Heerenveen vs AZ Alkmaar","2025-11-23 06:15",1.2099,0.075,"1X",1.71,"pinnacle",3.43,7.58,4.15,1.635,,,,,"","","","","",""
"Heerenveen vs AZ Alkmaar","2025-11-23 06:15",1.2099,0.055,"X2",1.43,"pinnacle",3.43,7.58,4.15,1.375,,,,,"","","","","",""
"Sport Recife vs Vitoria","2025-11-23 16:30",1.1738,0.0867,"1X",1.71,"pinnacle",3.97,8.63,4.66,1.6233,,,,,"","","","","",""
"Sport Recife vs Vitoria","2025-11-23 16:30",1.1738,0.0433,"X2",1.34,"pinnacle",3.97,8.63,4.66,1.2967,,,,,"","","","","",""
"Feyenoord vs NEC Nijmegen","2025-11-23 08:30",1.1046,0.03,"1X",1.11,"pinnacle",3.73,7.85,4.12,1.08,,,,,"","","","","",""
"Feyenoord vs NEC Nijmegen","2025-11-23 08:30",1.1046,0.2217,"X2",3.05,"pinnacle",3.73,7.85,4.12,2.8283,,,,,"","","","","",""
"Cruzeiro vs Corinthians","2025-11-23 18:30",1.0173,0.1079,"X2",2.04,"pinnacle",4.05,8.17,4.12,1.9321,1.82,3.4,4.6,6.1,"","","","","",""
"Getafe vs Atlético Madrid","2025-11-23 12:30",0.9712,0.0917,"1X",2.19,"marathonbet",2.78,5.48,2.7,2.0983,,,,,"","","","","",""
"RB Leipzig vs Werder Bremen","2025-11-23 09:30",0.8889,0.0229,"1X",1.15,"marathonbet",2.88,5.44,2.56,1.1271,1.46,5.0,5.75,5.88,"","","","","",""
"Bahia vs Vasco da Gama","2025-11-23 14:00",0.8361,0.117,"X2",2.24,"pinnacle",4.15,7.62,3.47,2.123,1.71,3.8,4.75,5.85,"","","","","",""
"FC Juárez vs Pachuca","2025-11-23 20:00",0.8316,0.0425,"1X",1.5,"pinnacle",3.8,6.96,3.16,1.4575,,,,,"","","","","",""
"FC Juárez vs Pachuca","2025-11-23 20:00",0.8316,0.04,"X2",1.5,"pinnacle",3.8,6.96,3.16,1.46,,,,,"","","","","",""
"Elche CF vs Real Madrid","2025-11-23 15:00",0.8275,0.2007,"1X",3.35,"marathonbet",2.84,5.19,2.35,3.1493,7.25,5.25,1.38,5.3,"","","","","",""
"Sao Paulo vs Juventude","2025-11-23 14:00",0.7986,0.0304,"1X",1.14,"pinnacle",4.32,7.77,3.45,1.1096,1.57,4.0,6.0,5.36,"","","","","",""
"Inter Milan vs AC Milan","2025-11-23 14:45",0.7809,0.015,"1X",1.28,"marathonbet",2.83,5.04,2.21,1.265,,,,,"","","","","",""
"Inter Milan vs AC Milan","2025-11-23 14:45",0.7809,0.0617,"X2",1.87,"marathonbet",2.83,5.04,2.21,1.8083,,,,,"","","","","",""
"Lille vs Paris FC","2025-11-23 14:45",0.7774,0.0219,"1X",1.19,"marathonbet",3.1,5.51,2.41,1.1681,1.65,4.1,5.0,5.0,"","","","","",""
"Lille vs Paris FC","2025-11-23 14:45",0.7774,0.0582,"X2",2.33,"marathonbet",3.1,5.51,2.41,2.2718,1.65,4.1,5.0,5.0,"","","","","",""
"Oviedo vs Rayo Vallecano","2025-11-23 08:00",0.7596,0.0383,"X2",1.34,"marathonbet",3.12,5.49,2.37,1.3017,,,,,"","","","","",""
"Brest vs Metz","2025-11-23 11:15",0.7387,0.0867,"X2",2.12,"marathonbet",3.1,5.39,2.29,2.0333,,,,,"","","","","",""
"Arsenal vs Tottenham Hotspur","2025-11-23 11:30",0.7197,0.015,"1X",1.1,"marathonbet",2.89,4.97,2.08,1.085,,,,,"","","","","",""
"Arsenal vs Tottenham Hotspur","2025-11-23 11:30",0.7197,0.0733,"X2",3.03,"marathonbet",2.89,4.97,2.08,2.9567,,,,,"","","","","",""
"FC St. Pauli vs Union Berlin","2025-11-23 11:30",0.712,0.0428,"X2",1.57,"marathonbet",3.09,5.29,2.2,1.5272,2.55,3.1,2.87,6.32,"","","","","",""
"Nantes vs Lorient","2025-11-23 11:15",0.6985,0.03,"X2",1.49,"marathonbet",3.25,5.52,2.27,1.46,,,,,"","","","","",""
"Hellas Verona vs Parma","2025-11-23 06:30",0.6963,0.0467,"X2",1.67,"pinnacle",3.26,5.53,2.27,1.6233,,,,,"","","","","",""
"Auxerre vs Lyon","2025-11-23 09:00",0.6834,0.045,"1X",1.8,"marathonbet",3.19,5.37,2.18,1.755,,,,,"","","","","",""
"Auxerre vs Lyon","2025-11-23 09:00",0.6834,0.0267,"X2",1.32,"marathonbet",3.19,5.37,2.18,1.2933,,,,,"","","","","",""
"Leeds United vs Aston Villa","2025-11-23 09:00",0.6667,0.04,"1X",1.59,"marathonbet",3.09,5.15,2.06,1.55,,,,,"","","","","",""
"Nantes vs Lorient","2025-11-23 11:15",0.6577,0.0383,"1X",1.54,"pinnacle",3.33,5.52,2.19,1.5017,,,,,"","","","","",""
"Oviedo vs Rayo Vallecano","2025-11-23 08:00",0.5913,0.0383,"1X",1.72,"pinnacle",3.45,5.49,2.04,1.6817,,,,,"","","","","",""
"FC St. Pauli vs Union Berlin","2025-11-23 11:30",0.5886,0.0244,"1X",1.44,"pinnacle",3.33,5.29,1.96,1.4156,2.55,3.1,2.87,6.32,"","","","","",""
"Leeds United vs Aston Villa","2025-11-23 09:00",0.5653,0.0283,"X2",1.44,"pinnacle",3.29,5.15,1.86,1.4117,,,,,"","","","","",""
"Getafe vs Atlético Madrid","2025-11-23 12:30",0.5524,0.0233,"X2",1.18,"pinnacle",3.53,5.48,1.95,1.1567,,,,,"","","","","",""
"Real Betis vs Girona","2025-11-23 10:15",0.5342,0.016,"1X",1.17,"marathonbet",3.22,4.94,1.72,1.154,,,,,"","","","","",""
"Real Betis vs Girona","2025-11-23 10:15",0.5342,0.02,"X2",2.53,"marathonbet",3.22,4.94,1.72,2.51,,,,,"","","","","",""
"Lazio vs Lecce","2025-11-23 12:00",0.5079,0.0217,"1X",1.16,"marathonbet",3.8,5.73,1.93,1.1383,,,,,"","","","","",""
"Lazio vs Lecce","2025-11-23 12:00",0.5079,0.0583,"X2",2.26,"marathonbet",3.8,5.73,1.93,2.2017,,,,,"","","","","",""
"Groningen vs FC Zwolle","2025-11-23 10:45",0.5046,0.0367,"1X",1.15,"betsson",5.39,8.11,2.72,1.1133,,,,,"","","","","",""
"Brest vs Metz","2025-11-23 11:15",0.489,0.0217,"1X",1.23,"pinnacle",3.62,5.39,1.77,1.2083,,,,,"","","","","",""
"Cremonese vs AS Roma","2025-11-23 09:00",0.4877,0.0467,"1X",2.34,"pinnacle",3.65,5.43,1.78,2.2933,,,,,"","","","","",""
"Rosario Central vs Estudiantes","2025-11-23 15:30",0.473,0.0236,"1X",1.29,"pinnacle",3.89,5.73,1.84,1.2664,2.2,2.87,3.7,7.32,"","","","","",""
"Rosario Central vs Estudiantes","2025-11-23 15:30",0.473,0.0159,"X2",1.66,"pinnacle",3.89,5.73,1.84,1.6441,2.2,2.87,3.7,7.32,"","","","","",""
"Sao Paulo vs Juventude","2025-11-23 14:00",0.4496,0.1029,"X2",2.4,"bwin",5.36,7.77,2.41,2.2971,1.57,4.0,6.0,5.36,"","","","","",""
"Hellas Verona vs Parma","2025-11-23 06:30",0.4036,0.03,"1X",1.33,"marathonbet",3.94,5.53,1.59,1.3,,,,,"","","","","",""
"Cruzeiro vs Corinthians","2025-11-23 18:30",0.3685,0.0264,"1X",1.19,"codere_it",5.97,8.17,2.2,1.1636,1.82,3.4,4.6,6.1,"","","","","",""
"Elche CF vs Real Madrid","2025-11-23 15:00",0.3516,0.0225,"X2",1.11,"pinnacle",3.84,5.19,1.35,1.0875,7.25,5.25,1.38,5.3,"","","","","",""
"Boca Juniors vs Talleres","2025-11-23 18:00",0.3441,0.0647,"X2",2.18,"pinnacle",4.33,5.82,1.49,2.1153,1.68,3.4,5.5,7.12,"","","","","",""
"RB Leipzig vs Werder Bremen","2025-11-23 09:30",0.3301,0.1179,"X2",2.89,"codere_it",4.09,5.44,1.35,2.7721,1.46,5.0,5.75,5.88,"","","","","",""
"Bahia vs Vasco da Gama","2025-11-23 14:00",0.3026,0.0323,"1X",1.1793,"bwin",5.85,7.62,1.77,1.147,1.71,3.8,4.75,5.85,"","","","","",""
"Boca Juniors vs Talleres","2025-11-23 18:00",0.2516,0.0264,"1X",1.16,"betsson",4.65,5.82,1.17,1.1336,1.68,3.4,5.5,7.12,"","","","","",""
"Cremonese vs AS Roma","2025-11-23 09:00",0.223,0.02,"X2",1.16,"betsson",4.44,5.43,0.99,1.14,,,,,"","","","","",""
"Toulouse vs Angers","2025-11-23 11:15",0.0514,0.035,"1X",1.18,"betsson",5.25,5.52,0.27,1.145,,,,,"","","","","",""
"Toulouse vs Angers","2025-11-23 11:15",-0.1521,0.055,"X2",2.31,"winamax_de",6.51,5.52,-0.99,2.255,,,,,"","","","","",""